{
  "_type": "export",
  "__export_format": 4,
  "__export_source": "apimatic.transformer",
  "resources": [
    {
      "name": "Servicing Merchant Case Management API",
      "_type": "workspace",
      "_id": "wrk_b52ee21ca48c4dc186cff645ffefb8c6",
      "description": "The Merchant Case Management API allows the merchants to create, search & get the details of a case \n # Authentication \n<SecurityDefinitions />"
    },
    {
      "name": "Case",
      "_type": "request_group",
      "_id": "fld_2c68054532064cd5a92ba95a69d0a331",
      "parentId": "wrk_b52ee21ca48c4dc186cff645ffefb8c6",
      "description": ""
    },
    {
      "name": "Lookup",
      "_type": "request_group",
      "_id": "fld_bcdd3d7e0a934fef8228f962366f3274",
      "parentId": "wrk_b52ee21ca48c4dc186cff645ffefb8c6",
      "description": ""
    },
    {
      "name": "createCase",
      "method": "POST",
      "url": "https://apis.cert.worldpay.com/merchant-servicing/casemanagement/v1/cases",
      "body": {
        "mimeType": "application/json",
        "text": "{\r\n  \"entityInfo\": {\r\n    \"entityValue\": \"0H9124\",\r\n    \"entityType\": \"CHAIN\"\r\n  },\r\n  \"callerInfo\": {\r\n    \"requestor\": \"RequestorName\",\r\n    \"email\": \"Requestors@email.com\",\r\n    \"phoneNumber\": \"6789923328\"\r\n  },\r\n  \"caseInfo\": {\r\n    \"subject\": \"Update Primary Contact\",\r\n    \"category\": \"Account Management\",\r\n    \"reason\": \"Service Activity\",\r\n    \"description\": \"Detailed discription\",\r\n    \"origin\": \"Web-eWPD\",\r\n    \"caseType\": \"Authorized User Maintenance\",\r\n    \"priority\": \"Urgent\"\r\n  },\r\n  \"attachments\": [\r\n    {\r\n      \"fileName\": \"testFile.txt\",\r\n      \"fileContent\": null\r\n    }\r\n  ]\r\n}"
      },
      "headers": [
        {
          "name": "Content-Type",
          "value": "application/json",
          "disabled": false
        },
        {
          "name": "v-correlation-id",
          "value": "24578e35-9bd2-238f-b4c2-0bc9ad9aed2b",
          "disabled": false
        },
        {
          "name": "Authorization",
          "value": "Authorization14",
          "disabled": false
        }
      ],
      "_type": "request",
      "_id": "req_401f46aef6d249398837c4c1be63f6fc",
      "parentId": "fld_2c68054532064cd5a92ba95a69d0a331",
      "description": "Create a new case in service cloud"
    },
    {
      "name": "updateCase",
      "method": "POST",
      "url": "https://apis.cert.worldpay.com/merchant-servicing/casemanagement/v1/cases/{caseNumber}/comments",
      "body": {
        "mimeType": "application/json",
        "text": "{\r\n  \"comment\": \"This is a new comment\"\r\n}"
      },
      "headers": [
        {
          "name": "Content-Type",
          "value": "application/json",
          "disabled": false
        },
        {
          "name": "v-correlation-id",
          "value": "24578e35-9bd2-238f-b4c2-0bc9ad9aed2b",
          "disabled": false
        }
      ],
      "_type": "request",
      "_id": "req_b958fbf444d4486dab3aaeb39e85029e",
      "parentId": "fld_2c68054532064cd5a92ba95a69d0a331",
      "description": "Add comments for an existing service request case present with Worldpay."
    },
    {
      "name": "GetCaseDetails",
      "method": "GET",
      "url": "https://apis.cert.worldpay.com/merchant-servicing/casemanagement/v1/cases/{caseNumber}",
      "headers": [
        {
          "name": "v-correlation-id",
          "value": "24578e35-9bd2-238f-b4c2-0bc9ad9aed2b",
          "disabled": false
        },
        {
          "name": "Authorization",
          "value": "Authorization91",
          "disabled": false
        }
      ],
      "_type": "request",
      "_id": "req_c93e0826089b4c3184586c92719908d3",
      "parentId": "fld_2c68054532064cd5a92ba95a69d0a331",
      "description": "Retrieve details for a specific service request case submitted with Worldpay."
    },
    {
      "name": "searchCases",
      "method": "POST",
      "url": "https://apis.cert.worldpay.com/merchant-servicing/casemanagement/v1/cases/search",
      "body": {
        "mimeType": "application/json",
        "text": "{\r\n  \"dateType\": \"openDate\",\r\n  \"dateRange\": {\r\n    \"fromDate\": \"2021-10-27\",\r\n    \"toDate\": \"2021-12-27\"\r\n  },\r\n  \"entityInfo\": {\r\n    \"entityValue\": \"0H9124\",\r\n    \"entityType\": \"CHAIN\"\r\n  },\r\n  \"caseInfo\": {\r\n    \"caseNumber\": \"02567576\",\r\n    \"category\": \"Account Management\",\r\n    \"caseType\": \"Authorized User Maintenance\",\r\n    \"status\": \"In Progress\",\r\n    \"priority\": \"Urgent\"\r\n  },\r\n  \"paginationRequest\": {\r\n    \"limit\": \"3\",\r\n    \"offset\": \"1\"\r\n  },\r\n  \"sortResultsBy\": [\r\n    {\r\n      \"fieldName\": \"caseNumber\",\r\n      \"orderBy\": \"DESC\"\r\n    }\r\n  ]\r\n}"
      },
      "headers": [
        {
          "name": "Content-Type",
          "value": "application/json",
          "disabled": false
        },
        {
          "name": "v-correlation-id",
          "value": "24578e35-9bd2-238f-b4c2-0bc9ad9aed2b",
          "disabled": false
        },
        {
          "name": "Authorization",
          "value": "Authorization23",
          "disabled": false
        }
      ],
      "_type": "request",
      "_id": "req_400bbd956feb4a8b8e1b9c0a8c6748f2",
      "parentId": "fld_2c68054532064cd5a92ba95a69d0a331",
      "description": "Search for service request cases  based on search parameters with Worldpay."
    },
    {
      "name": "createAttachments",
      "method": "POST",
      "url": "https://apis.cert.worldpay.com/merchant-servicing/casemanagement/v1/cases/{caseNumber}/attachments",
      "body": {
        "mimeType": "multipart/form-data",
        "params": [
          {
            "type": "file",
            "name": "file",
            "value": "path/to/file94",
            "disabled": false
          }
        ]
      },
      "headers": [
        {
          "name": "v-correlation-id",
          "value": "24578e35-9bd2-238f-b4c2-0bc9ad9aed2b",
          "disabled": false
        },
        {
          "name": "Authorization",
          "value": "Authorization26",
          "disabled": false
        }
      ],
      "_type": "request",
      "_id": "req_053fa4474102443a8c4566720567bdd4",
      "parentId": "fld_2c68054532064cd5a92ba95a69d0a331",
      "description": "Attach attachments for an existing service request case present with WorldPay."
    },
    {
      "name": "getAttachments",
      "method": "GET",
      "url": "https://apis.cert.worldpay.com/merchant-servicing/casemanagement/v1/cases/{caseNumber}/attachments/{attachmentId}",
      "headers": [
        {
          "name": "v-correlation-id",
          "value": "24578e35-9bd2-238f-b4c2-0bc9ad9aed2b",
          "disabled": false
        },
        {
          "name": "Authorization",
          "value": "Authorization20",
          "disabled": false
        }
      ],
      "_type": "request",
      "_id": "req_3ddf569c04b748e09ba6beb04021dc51",
      "parentId": "fld_2c68054532064cd5a92ba95a69d0a331",
      "description": "Retrieve attachment of a case by attachment identifier with Worldpay."
    },
    {
      "name": "GetCaseCategories",
      "method": "GET",
      "url": "https://apis.cert.worldpay.com/merchant-servicing/casemanagement/v1/lookup/categories",
      "parameters": [
        {
          "name": "country",
          "value": "US",
          "disabled": false
        }
      ],
      "headers": [
        {
          "name": "v-correlation-id",
          "value": "24578e35-9bd2-238f-b4c2-0bc9ad9aed2b",
          "disabled": false
        },
        {
          "name": "Authorization",
          "value": "Authorization52",
          "disabled": false
        }
      ],
      "_type": "request",
      "_id": "req_b655bb1713ab44a2a838a303adf90925",
      "parentId": "fld_bcdd3d7e0a934fef8228f962366f3274",
      "description": "Get list of all active case categories from WolrdPay."
    },
    {
      "name": "GetCaseCategoryTypes",
      "method": "GET",
      "url": "https://apis.cert.worldpay.com/merchant-servicing/casemanagement/v1/lookup/categories/casetypes",
      "parameters": [
        {
          "name": "category",
          "value": "Account Management",
          "disabled": false
        }
      ],
      "headers": [
        {
          "name": "v-correlation-id",
          "value": "24578e35-9bd2-238f-b4c2-0bc9ad9aed2b",
          "disabled": false
        },
        {
          "name": "Authorization",
          "value": "Authorization26",
          "disabled": false
        }
      ],
      "_type": "request",
      "_id": "req_baecb6bd28184623bf48dc9f43e6d488",
      "parentId": "fld_bcdd3d7e0a934fef8228f962366f3274",
      "description": "Retrieve list of case types for specific case category with WolrdPay"
    },
    {
      "name": "GetCaseReasons",
      "method": "GET",
      "url": "https://apis.cert.worldpay.com/merchant-servicing/casemanagement/v1/lookup/reasons",
      "headers": [
        {
          "name": "v-correlation-id",
          "value": "24578e35-9bd2-238f-b4c2-0bc9ad9aed2b",
          "disabled": false
        }
      ],
      "_type": "request",
      "_id": "req_05d093cc68b04ede987125c36f4f17a2",
      "parentId": "fld_bcdd3d7e0a934fef8228f962366f3274",
      "description": "Retrieve list of all case reasons from WolrdPay."
    }
  ]
}