{
  "swaggerVersion": "1.2",
  "basePath": "https://apis.cert.worldpay.com/merchant-servicing/casemanagement/v1",
  "resourcePath": "/",
  "apis": [
    {
      "path": "/cases",
      "operations": [
        {
          "method": "POST",
          "summary": "Create a new case in service cloud",
          "nickname": "createCase",
          "parameters": [
            {
              "name": "Content-Type",
              "description": "",
              "paramType": "header",
              "required": true,
              "allowMultiple": false,
              "defaultValue": "application/json",
              "uniqueItems": false,
              "type": "string"
            },
            {
              "name": "v-correlation-id",
              "description": "Correlation Id",
              "paramType": "header",
              "required": false,
              "allowMultiple": false,
              "defaultValue": "",
              "uniqueItems": false,
              "type": "string"
            },
            {
              "name": "body",
              "description": "",
              "paramType": "body",
              "required": false,
              "allowMultiple": false,
              "defaultValue": "",
              "uniqueItems": false,
              "type": "CreateCaseRequest"
            }
          ],
          "authorizations": {
            "api_key": []
          },
          "produces": [
            "application/json"
          ],
          "consumes": [
            "application/json"
          ],
          "responseMessages": [],
          "uniqueItems": false,
          "$ref": "CreateCaseResponse"
        }
      ]
    },
    {
      "path": "/cases/{caseNumber}/comments",
      "operations": [
        {
          "method": "POST",
          "summary": "Add comments for an existing service request case present with Worldpay.",
          "nickname": "updateCase",
          "parameters": [
            {
              "name": "caseNumber",
              "description": "Unique number assigned to the case (Auto generated once case is created)",
              "paramType": "path",
              "required": true,
              "allowMultiple": false,
              "defaultValue": "",
              "uniqueItems": false,
              "type": "string"
            },
            {
              "name": "Content-Type",
              "description": "",
              "paramType": "header",
              "required": true,
              "allowMultiple": false,
              "defaultValue": "application/json",
              "uniqueItems": false,
              "type": "string"
            },
            {
              "name": "v-correlation-id",
              "description": "Correlation Id",
              "paramType": "header",
              "required": false,
              "allowMultiple": false,
              "defaultValue": "",
              "uniqueItems": false,
              "type": "string"
            },
            {
              "name": "body",
              "description": "",
              "paramType": "body",
              "required": false,
              "allowMultiple": false,
              "defaultValue": "",
              "uniqueItems": false,
              "type": "CreateCommentRequest"
            }
          ],
          "produces": [
            "application/json"
          ],
          "consumes": [
            "application/json"
          ],
          "responseMessages": [],
          "uniqueItems": false,
          "type": "void"
        }
      ]
    },
    {
      "path": "/cases/{caseNumber}",
      "operations": [
        {
          "method": "GET",
          "summary": "Retrieve details for a specific service request case submitted with Worldpay.",
          "nickname": "GetCaseDetails",
          "parameters": [
            {
              "name": "caseNumber",
              "description": "Unique number assigned to the case (Auto generated once case is created)",
              "paramType": "path",
              "required": true,
              "allowMultiple": false,
              "defaultValue": "",
              "uniqueItems": false,
              "type": "string"
            },
            {
              "name": "v-correlation-id",
              "description": "Correlation Id",
              "paramType": "header",
              "required": false,
              "allowMultiple": false,
              "defaultValue": "",
              "uniqueItems": false,
              "type": "string"
            }
          ],
          "authorizations": {
            "api_key": []
          },
          "produces": [
            "application/json"
          ],
          "responseMessages": [],
          "uniqueItems": false,
          "$ref": "GetCaseDetailsResponseData"
        }
      ]
    },
    {
      "path": "/cases/search",
      "operations": [
        {
          "method": "POST",
          "summary": "Search for service request cases  based on search parameters with Worldpay.",
          "nickname": "searchCases",
          "parameters": [
            {
              "name": "Content-Type",
              "description": "",
              "paramType": "header",
              "required": true,
              "allowMultiple": false,
              "defaultValue": "application/json",
              "uniqueItems": false,
              "type": "string"
            },
            {
              "name": "v-correlation-id",
              "description": "Correlation Id",
              "paramType": "header",
              "required": false,
              "allowMultiple": false,
              "defaultValue": "",
              "uniqueItems": false,
              "type": "string"
            },
            {
              "name": "body",
              "description": "",
              "paramType": "body",
              "required": false,
              "allowMultiple": false,
              "defaultValue": "",
              "uniqueItems": false,
              "type": "SearchCasesRequest"
            }
          ],
          "authorizations": {
            "api_key": []
          },
          "produces": [
            "application/json"
          ],
          "consumes": [
            "application/json"
          ],
          "responseMessages": [],
          "uniqueItems": false,
          "$ref": "SearchCasesResponse"
        }
      ]
    },
    {
      "path": "/cases/{caseNumber}/attachments",
      "operations": [
        {
          "method": "POST",
          "summary": "Attach attachments for an existing service request case present with WorldPay.",
          "nickname": "createAttachments",
          "parameters": [
            {
              "name": "caseNumber",
              "description": "Unique number assigned to the case (Auto generated once case is created)",
              "paramType": "path",
              "required": true,
              "allowMultiple": false,
              "defaultValue": "",
              "uniqueItems": false,
              "type": "string"
            },
            {
              "name": "v-correlation-id",
              "description": "Correlation Id",
              "paramType": "header",
              "required": false,
              "allowMultiple": false,
              "defaultValue": "",
              "uniqueItems": false,
              "type": "string"
            },
            {
              "name": "file",
              "description": "Attachment file",
              "paramType": "form",
              "required": false,
              "allowMultiple": false,
              "defaultValue": "",
              "uniqueItems": false,
              "type": "object"
            }
          ],
          "authorizations": {
            "api_key": []
          },
          "produces": [
            "application/json"
          ],
          "consumes": [
            "multipart/form-data"
          ],
          "responseMessages": [],
          "uniqueItems": false,
          "type": "void"
        }
      ]
    },
    {
      "path": "/cases/{caseNumber}/attachments/{attachmentId}",
      "operations": [
        {
          "method": "GET",
          "summary": "Retrieve attachment of a case by attachment identifier with Worldpay.",
          "nickname": "getAttachments",
          "parameters": [
            {
              "name": "caseNumber",
              "description": "Case Number associated with the attachment",
              "paramType": "path",
              "required": true,
              "allowMultiple": false,
              "defaultValue": "",
              "uniqueItems": false,
              "type": "string"
            },
            {
              "name": "attachmentId",
              "description": "Attachment identifier for the file",
              "paramType": "path",
              "required": true,
              "allowMultiple": false,
              "defaultValue": "",
              "uniqueItems": false,
              "type": "string"
            },
            {
              "name": "v-correlation-id",
              "description": "Correlation Id",
              "paramType": "header",
              "required": false,
              "allowMultiple": false,
              "defaultValue": "",
              "uniqueItems": false,
              "type": "string"
            }
          ],
          "authorizations": {
            "api_key": []
          },
          "produces": [
            "application/json"
          ],
          "responseMessages": [],
          "uniqueItems": false,
          "$ref": "GetAttachmentResponse"
        }
      ]
    },
    {
      "path": "/lookup/categories",
      "operations": [
        {
          "method": "GET",
          "summary": "Get list of all active case categories from WolrdPay.",
          "nickname": "GetCaseCategories",
          "parameters": [
            {
              "name": "v-correlation-id",
              "description": "Correlation Id",
              "paramType": "header",
              "required": false,
              "allowMultiple": false,
              "defaultValue": "",
              "uniqueItems": false,
              "type": "string"
            },
            {
              "name": "country",
              "description": "country for retrieveing the categories, default is US if nothing is passed",
              "paramType": "query",
              "required": false,
              "allowMultiple": false,
              "defaultValue": "",
              "enum": [
                "US",
                "GB"
              ],
              "uniqueItems": false,
              "type": "string"
            }
          ],
          "authorizations": {
            "api_key": []
          },
          "produces": [
            "application/json"
          ],
          "responseMessages": [],
          "uniqueItems": false,
          "$ref": "GetCaseCategoriesResponse"
        }
      ]
    },
    {
      "path": "/lookup/categories/casetypes",
      "operations": [
        {
          "method": "GET",
          "summary": "Retrieve list of case types for specific case category with WolrdPay",
          "nickname": "GetCaseCategoryTypes",
          "parameters": [
            {
              "name": "v-correlation-id",
              "description": "Correlation Id",
              "paramType": "header",
              "required": false,
              "allowMultiple": false,
              "defaultValue": "",
              "uniqueItems": false,
              "type": "string"
            },
            {
              "name": "category",
              "description": "Case category. High level grouping of case types.",
              "paramType": "query",
              "required": false,
              "allowMultiple": false,
              "defaultValue": "",
              "uniqueItems": false,
              "type": "string"
            }
          ],
          "authorizations": {
            "api_key": []
          },
          "produces": [
            "application/json"
          ],
          "responseMessages": [],
          "uniqueItems": false,
          "$ref": "GetCaseCategoryTypesResponse"
        }
      ]
    },
    {
      "path": "/lookup/reasons",
      "operations": [
        {
          "method": "GET",
          "summary": "Retrieve list of all case reasons from WolrdPay.",
          "nickname": "GetCaseReasons",
          "parameters": [
            {
              "name": "v-correlation-id",
              "description": "Correlation Id",
              "paramType": "header",
              "required": false,
              "allowMultiple": false,
              "defaultValue": "",
              "uniqueItems": false,
              "type": "string"
            }
          ],
          "produces": [
            "application/json"
          ],
          "responseMessages": [],
          "uniqueItems": false,
          "$ref": "GetCaseReasonsResponse"
        }
      ]
    }
  ],
  "models": {
    "CreateCaseRequest": {
      "id": "CreateCaseRequest",
      "required": [
        "entityInfo",
        "callerInfo",
        "caseInfo"
      ],
      "properties": {
        "entityInfo": {
          "description": "Entity information details",
          "defaultValue": "",
          "uniqueItems": false,
          "$ref": "EntityInfo"
        },
        "callerInfo": {
          "description": "Caller information details",
          "defaultValue": "",
          "uniqueItems": false,
          "$ref": "CallerInfo"
        },
        "caseInfo": {
          "description": "Case information details",
          "defaultValue": "",
          "uniqueItems": false,
          "$ref": "CaseInfo"
        },
        "attachments": {
          "description": "Attachment file names",
          "items": {
            "$ref": "Attachment"
          },
          "defaultValue": "",
          "uniqueItems": false,
          "type": "array"
        }
      }
    },
    "CaseInfo": {
      "id": "CaseInfo",
      "description": "Information needed to create a case. If the Entity Type is MERCHANT or CHAIN, case type is required",
      "required": [
        "subject",
        "category",
        "reason",
        "description",
        "origin"
      ],
      "properties": {
        "subject": {
          "description": "Brief description of the requstor’s issue",
          "defaultValue": "",
          "uniqueItems": false,
          "type": "string"
        },
        "category": {
          "description": "Case category. High level grouping of case types",
          "defaultValue": "",
          "uniqueItems": false,
          "type": "string"
        },
        "caseType": {
          "description": "Case type for selected category for the case",
          "defaultValue": "",
          "uniqueItems": false,
          "type": "string"
        },
        "reason": {
          "description": "Reason for creating the case",
          "defaultValue": "",
          "uniqueItems": false,
          "type": "string"
        },
        "description": {
          "description": "Description of a case",
          "defaultValue": "",
          "uniqueItems": false,
          "type": "string"
        },
        "origin": {
          "description": "Indicates the source of the case.",
          "defaultValue": "",
          "uniqueItems": false,
          "type": "string"
        },
        "priority": {
          "description": "Defines time limit for case resolution",
          "defaultValue": "",
          "enum": [
            "Urgent",
            "High",
            "Medium",
            "Low",
            "Critical < 4hours",
            "High < 24 hrs",
            "Medium <48 hours",
            "Low <4days",
            "Standard Request",
            "Rush Request",
            "Overnight",
            "Three Day",
            "Two Day",
            "Ground",
            "None"
          ],
          "uniqueItems": false,
          "type": "string"
        }
      }
    },
    "Attachment": {
      "id": "Attachment",
      "required": [
        "fileName",
        "fileContent"
      ],
      "properties": {
        "fileName": {
          "description": "Name of the file with extension",
          "defaultValue": "",
          "uniqueItems": false,
          "type": "string"
        },
        "fileContent": {
          "description": "Content of the file. Accepts upto 4 MB",
          "defaultValue": "",
          "uniqueItems": false,
          "type": "object"
        }
      }
    },
    "AttachmentIdentifiers": {
      "id": "AttachmentIdentifiers",
      "required": [
        "fileName",
        "id"
      ],
      "properties": {
        "fileName": {
          "description": "This element contains file name of attched file",
          "defaultValue": "",
          "uniqueItems": false,
          "type": "string"
        },
        "id": {
          "description": "Attachment file identifier.",
          "defaultValue": "",
          "uniqueItems": false,
          "type": "string"
        }
      }
    },
    "GetAttachmentResponse": {
      "id": "GetAttachmentResponse",
      "description": "Retrive attachment files on a case. All attachments (file names with attachment ids) can be retrieved on a case by looking up the case details.",
      "required": [
        "fileName",
        "fileContent"
      ],
      "properties": {
        "attachmentId": {
          "description": "Attachment identifier for the file.",
          "defaultValue": "",
          "uniqueItems": false,
          "type": "string"
        },
        "fileName": {
          "description": "This element contains file name of attachment.",
          "defaultValue": "",
          "uniqueItems": false,
          "type": "string"
        },
        "fileContent": {
          "description": "File content in the form of base64 or multipart file.",
          "defaultValue": "",
          "uniqueItems": false,
          "type": "string"
        }
      }
    },
    "SearchCasesRequest": {
      "id": "SearchCasesRequest",
      "description": "Request for Case Search .",
      "required": [
        "dateType",
        "dateRange"
      ],
      "properties": {
        "entityInfo": {
          "description": "Pass entityInfo related to region/national/division/superChain/store/chain or merchant for which this search will happen. Pass entityType and entityValue, it should map to a single entity only.",
          "defaultValue": "",
          "uniqueItems": false,
          "$ref": "EntityInfo"
        },
        "dateType": {
          "description": "Type of date",
          "defaultValue": "",
          "enum": [
            "openDate",
            "closeDate"
          ],
          "uniqueItems": false,
          "type": "string"
        },
        "dateRange": {
          "description": "Date range, can be between 1 and 60 days.",
          "defaultValue": "",
          "uniqueItems": false,
          "$ref": "DateRangeSearch"
        },
        "caseInfo": {
          "description": "Case information.",
          "defaultValue": "",
          "uniqueItems": false,
          "$ref": "SearchCaseInfoRequest"
        },
        "paginationRequest": {
          "description": "Pagination requested details",
          "defaultValue": "",
          "uniqueItems": false,
          "$ref": "PaginationType"
        },
        "sortResultsBy": {
          "description": "Select up to four fields for sorting the search results. Fields that can be selected are entityValue, caseNumber, category, caseType, origin, status and priority.",
          "items": {
            "$ref": "SortResultsBy"
          },
          "defaultValue": "",
          "uniqueItems": false,
          "type": "array"
        }
      }
    },
    "DateRangeSearch": {
      "id": "DateRangeSearch",
      "description": "Specify the date range for search. Consumer can lookup for 60 days data at a time. If you want more data divide your search into multiple windows.",
      "required": [
        "fromDate",
        "toDate"
      ],
      "properties": {
        "fromDate": {
          "description": "specify start date for range.",
          "defaultValue": "",
          "uniqueItems": false,
          "type": "string"
        },
        "toDate": {
          "description": "specify end date for range.",
          "defaultValue": "",
          "uniqueItems": false,
          "type": "string"
        }
      }
    },
    "SortResultsBy": {
      "id": "SortResultsBy",
      "description": "Use for filtering search results.",
      "required": [],
      "properties": {
        "fieldName": {
          "description": "Field name to be used for sorting purposes.",
          "defaultValue": "",
          "uniqueItems": false,
          "type": "string"
        },
        "orderBy": {
          "description": "Order search results in ascnding or descending order.",
          "defaultValue": "ASC",
          "enum": [
            "ASC",
            "DESC"
          ],
          "uniqueItems": false,
          "type": "string"
        }
      }
    },
    "SearchCaseInfoRequest": {
      "id": "SearchCaseInfoRequest",
      "description": "Search parameters for searching the case.",
      "required": [],
      "properties": {
        "caseNumber": {
          "description": "Case number assigned to case",
          "defaultValue": "",
          "uniqueItems": false,
          "type": "string"
        },
        "category": {
          "description": "Case category. High level grouping of case types",
          "defaultValue": "",
          "uniqueItems": false,
          "type": "string"
        },
        "caseType": {
          "description": "Case type for selected category for the case",
          "defaultValue": "",
          "uniqueItems": false,
          "type": "string"
        },
        "status": {
          "description": "Case status",
          "defaultValue": "",
          "enum": [
            "New",
            "In Progress",
            "Pending",
            "Closed"
          ],
          "uniqueItems": false,
          "type": "string"
        },
        "priority": {
          "description": "Defines time limit for case resolution",
          "defaultValue": "",
          "enum": [
            "Urgent",
            "High",
            "Medium",
            "Low",
            "Critical < 4hours",
            "High < 24 hrs",
            "Medium <48 hours",
            "Low <4days",
            "Standard Request",
            "Rush Request",
            "Overnight",
            "Three Day",
            "Two Day",
            "Ground"
          ],
          "uniqueItems": false,
          "type": "string"
        }
      }
    },
    "SearchCaseInfoResponse": {
      "id": "SearchCaseInfoResponse",
      "description": "Search parameters for searching the case.",
      "required": [],
      "properties": {
        "caseNumber": {
          "description": "Unique number assigned to the case (Auto generated once case is created)",
          "defaultValue": "",
          "uniqueItems": false,
          "type": "string"
        },
        "category": {
          "description": "Case category. High level grouping of case types.",
          "defaultValue": "",
          "uniqueItems": false,
          "type": "string"
        },
        "caseType": {
          "description": "Case type for selected category for the case",
          "defaultValue": "",
          "uniqueItems": false,
          "type": "string"
        },
        "origin": {
          "description": "Source of the case",
          "defaultValue": "",
          "uniqueItems": false,
          "type": "string"
        },
        "status": {
          "description": "Case status",
          "defaultValue": "",
          "enum": [
            "New",
            "In Progress",
            "Pending",
            "Closed"
          ],
          "uniqueItems": false,
          "type": "string"
        },
        "priority": {
          "description": "Defines time limit for case resolution",
          "defaultValue": "",
          "enum": [
            "Urgent",
            "High",
            "Medium",
            "Low",
            "Critical < 4hours",
            "High < 24 hrs",
            "Medium <48 hours",
            "Low <4days",
            "Standard Request",
            "Rush Request",
            "Overnight",
            "Three Day",
            "Two Day",
            "Ground"
          ],
          "uniqueItems": false,
          "type": "string"
        },
        "subject": {
          "description": "Brief description of the customer’s question or feedback.",
          "defaultValue": "",
          "uniqueItems": false,
          "type": "string"
        }
      }
    },
    "CreateAttachmentRequest": {
      "id": "CreateAttachmentRequest",
      "required": [
        "attachments"
      ],
      "properties": {
        "attachments": {
          "description": "Attachment file names",
          "items": {
            "$ref": "Attachment"
          },
          "defaultValue": "",
          "uniqueItems": false,
          "type": "array"
        }
      }
    },
    "GetCaseCategoriesResponse": {
      "id": "GetCaseCategoriesResponse",
      "description": "List of case categories from WolrdPay will be returned in the response from WolrdPay",
      "required": [],
      "properties": {
        "categories": {
          "description": "Case category list",
          "items": {
            "type": "string"
          },
          "defaultValue": "",
          "uniqueItems": false,
          "type": "array"
        }
      }
    },
    "GetCaseCategoryTypesResponse": {
      "id": "GetCaseCategoryTypesResponse",
      "description": "List of case types for a specific case category from WolrdPay will be returned in the response",
      "required": [],
      "properties": {
        "category": {
          "description": "Case Category. High level grouping of case types.",
          "defaultValue": "",
          "uniqueItems": false,
          "type": "string"
        },
        "caseTypes": {
          "description": "List of applicable case types for case category.",
          "items": {
            "type": "string"
          },
          "defaultValue": "",
          "uniqueItems": false,
          "type": "array"
        }
      }
    },
    "GetCaseReasonsResponse": {
      "id": "GetCaseReasonsResponse",
      "description": "List of case reasons for Merchant Operatins will be returned in the response from WolrdPay",
      "required": [],
      "properties": {
        "reasons": {
          "description": "Case reasons",
          "items": {
            "type": "string"
          },
          "defaultValue": "",
          "uniqueItems": false,
          "type": "array"
        }
      }
    },
    "SearchCasesResponse": {
      "id": "SearchCasesResponse",
      "description": "List of Cases will be returned in the Search Response from WolrdPay",
      "required": [],
      "properties": {
        "caseList": {
          "description": "Case list details for selected case criteria.",
          "items": {
            "$ref": "CaseList"
          },
          "defaultValue": "",
          "uniqueItems": false,
          "type": "array"
        },
        "paginationResponse": {
          "description": "Pagination response details",
          "defaultValue": "",
          "uniqueItems": false,
          "$ref": "PaginationResponse"
        }
      }
    },
    "CaseList": {
      "id": "CaseList",
      "description": "List of cases associated with salesOrganization/salesChannel/partner/region/national/division/superChain/store/chain or merchant.",
      "required": [],
      "properties": {
        "caseHierarchy": {
          "description": "Case hierarchy details.",
          "defaultValue": "",
          "uniqueItems": false,
          "$ref": "Hierarchy"
        },
        "caseInfo": {
          "description": "Case information details.",
          "defaultValue": "",
          "uniqueItems": false,
          "$ref": "SearchCaseInfoResponse"
        }
      }
    },
    "PaginationResponse": {
      "id": "PaginationResponse",
      "required": [],
      "properties": {
        "pagination": {
          "description": "Pagination type details",
          "defaultValue": "",
          "uniqueItems": false,
          "$ref": "PaginationType"
        },
        "moreDataAvailable": {
          "description": "Indicates if more data is available for the search criteria",
          "defaultValue": "",
          "uniqueItems": false,
          "type": "string"
        },
        "totalRowCount": {
          "description": "Total number of rows available for the search results",
          "defaultValue": "",
          "minimum": "",
          "maximum": "10000",
          "uniqueItems": false,
          "type": "integer",
          "format": "int32"
        },
        "totalReturnedCount": {
          "description": "Number of rows returned",
          "defaultValue": "",
          "minimum": "",
          "maximum": "",
          "uniqueItems": false,
          "type": "integer",
          "format": "int32"
        }
      }
    },
    "PaginationType": {
      "id": "PaginationType",
      "description": "Use for pagination.",
      "required": [],
      "properties": {
        "limit": {
          "description": "The maximum number of entries to return. If the value exceeds the maximum, then the maximum value will be used.",
          "defaultValue": "25",
          "uniqueItems": false,
          "type": "string"
        },
        "offset": {
          "description": "The offset used for page results",
          "defaultValue": "1",
          "uniqueItems": false,
          "type": "string"
        }
      }
    },
    "Hierarchy": {
      "id": "Hierarchy",
      "required": [],
      "properties": {
        "salesOrganizationCode": {
          "description": "Sales Organization Code",
          "defaultValue": "",
          "uniqueItems": false,
          "type": "string"
        },
        "salesOrganizationName": {
          "description": "Sales organization name",
          "defaultValue": "",
          "uniqueItems": false,
          "type": "string"
        },
        "salesChannelCode": {
          "description": "Sales channel code",
          "defaultValue": "",
          "uniqueItems": false,
          "type": "string"
        },
        "salesChannelName": {
          "description": "Sales channel name",
          "defaultValue": "",
          "uniqueItems": false,
          "type": "string"
        },
        "partnerId": {
          "description": "The identifier associated with the partner group",
          "defaultValue": "",
          "uniqueItems": false,
          "type": "string"
        },
        "partnerName": {
          "description": "The name of the partner's group",
          "defaultValue": "",
          "uniqueItems": false,
          "type": "string"
        },
        "regionCode": {
          "description": "Region Code",
          "defaultValue": "",
          "uniqueItems": false,
          "type": "string"
        },
        "regionName": {
          "description": "Region Name",
          "defaultValue": "",
          "uniqueItems": false,
          "type": "string"
        },
        "nationalCode": {
          "description": "National code",
          "defaultValue": "",
          "uniqueItems": false,
          "type": "string"
        },
        "nationalName": {
          "description": "National name",
          "defaultValue": "",
          "uniqueItems": false,
          "type": "string"
        },
        "divisionCode": {
          "description": "Division Code",
          "defaultValue": "",
          "uniqueItems": false,
          "type": "string"
        },
        "divisionName": {
          "description": "The name associated with a given partner division",
          "defaultValue": "",
          "uniqueItems": false,
          "type": "string"
        },
        "superChainCode": {
          "description": "Super chain code",
          "defaultValue": "",
          "uniqueItems": false,
          "type": "string"
        },
        "superChainName": {
          "description": "Super chain name",
          "defaultValue": "",
          "uniqueItems": false,
          "type": "string"
        },
        "storeNumber": {
          "description": "The identifier code of a store under a given partner chain. Can store alphanumber value when creating the store",
          "defaultValue": "",
          "uniqueItems": false,
          "type": "string"
        },
        "storeName": {
          "description": "The name associated with a store under a given partner chain",
          "defaultValue": "",
          "uniqueItems": false,
          "type": "string"
        },
        "chainCode": {
          "description": "The Chain Code is the level of the merchant hierarchy that groups merchant identifiers (MIDs) and any related roll-up values under a common identifier for settlement, billing and reporting. Chain Code is the primary identifier for merchants boarded in MDB (Merchant Database) system.",
          "defaultValue": "",
          "uniqueItems": false,
          "type": "string"
        },
        "chainName": {
          "description": "The name associated with a given merchant under a chain-level hierarchy",
          "defaultValue": "",
          "uniqueItems": false,
          "type": "string"
        },
        "merchantId": {
          "description": "The identifier code associated with a given merchant under a store-level hierarchy",
          "defaultValue": "",
          "uniqueItems": false,
          "type": "string"
        },
        "merchantName": {
          "description": "The name associated with a given merchant under a store-level hierarchy",
          "defaultValue": "",
          "uniqueItems": false,
          "type": "string"
        }
      }
    },
    "CallerInfo": {
      "id": "CallerInfo",
      "required": [
        "requestor",
        "email"
      ],
      "properties": {
        "requestor": {
          "description": "Name of the requestor",
          "defaultValue": "",
          "uniqueItems": false,
          "type": "string"
        },
        "email": {
          "description": "Requestor's email address",
          "defaultValue": "",
          "uniqueItems": false,
          "type": "string"
        },
        "phoneNumber": {
          "description": "Requestor's phone number",
          "defaultValue": "",
          "uniqueItems": false,
          "type": "string"
        }
      }
    },
    "AdditionalCaseDetails": {
      "id": "AdditionalCaseDetails",
      "required": [],
      "properties": {
        "caseNumber": {
          "description": "Unique number assigned to the case (Auto generated once case is created)",
          "defaultValue": "",
          "uniqueItems": false,
          "type": "string"
        },
        "category": {
          "description": "Case category. High level grouping of case types.",
          "defaultValue": "",
          "uniqueItems": false,
          "type": "string"
        },
        "caseType": {
          "description": "Case type for selected category for the case",
          "defaultValue": "",
          "uniqueItems": false,
          "type": "string"
        },
        "priority": {
          "description": "Defines time limit for case resolution",
          "defaultValue": "",
          "enum": [
            "Urgent",
            "High",
            "Medium",
            "Low",
            "Critical < 4hours",
            "High < 24 hrs",
            "Medium <48 hours",
            "Low <4days",
            "Standard Request",
            "Rush Request",
            "Overnight",
            "Three Day",
            "Two Day",
            "Ground"
          ],
          "uniqueItems": false,
          "type": "string"
        },
        "status": {
          "description": "Status of a case",
          "defaultValue": "",
          "enum": [
            "New",
            "Pending",
            "In Progress",
            "Closed"
          ],
          "uniqueItems": false,
          "type": "string"
        },
        "subStatus": {
          "description": "Only applicable when status is Pending",
          "defaultValue": "",
          "enum": [
            "Pending Internal",
            "Pending External"
          ],
          "uniqueItems": false,
          "type": "string"
        },
        "reason": {
          "description": "The reason a case was created",
          "defaultValue": "",
          "uniqueItems": false,
          "type": "string"
        },
        "subject": {
          "description": "Brief description of the customer’s question or feedback.",
          "defaultValue": "",
          "uniqueItems": false,
          "type": "string"
        },
        "description": {
          "description": "User defined field.",
          "defaultValue": "",
          "uniqueItems": false,
          "type": "string"
        }
      }
    },
    "EntityInfo": {
      "id": "EntityInfo",
      "required": [
        "entityValue"
      ],
      "properties": {
        "entityValue": {
          "description": "Unique identifier of the entity",
          "defaultValue": "",
          "uniqueItems": false,
          "type": "string"
        },
        "entityType": {
          "description": "Type of the entity, Required for US entities",
          "defaultValue": "",
          "enum": [
            "MERCHANT",
            "CHAIN",
            "PARTNER"
          ],
          "uniqueItems": false,
          "type": "string"
        }
      }
    },
    "CreateCommentRequest": {
      "id": "CreateCommentRequest",
      "required": [
        "comment"
      ],
      "properties": {
        "comment": {
          "description": "Comment to be added on the case",
          "defaultValue": "",
          "uniqueItems": false,
          "type": "string"
        }
      }
    },
    "CreateCaseResponse": {
      "id": "CreateCaseResponse",
      "required": [],
      "properties": {
        "caseNumber": {
          "description": "Unique number assigned to the case (Auto generated once case is created)",
          "defaultValue": "",
          "uniqueItems": false,
          "type": "string"
        }
      }
    },
    "Error": {
      "id": "Error",
      "required": [],
      "properties": {
        "errors": {
          "description": "Error response details",
          "items": {
            "$ref": "ErrorResponse"
          },
          "defaultValue": "",
          "uniqueItems": false,
          "type": "array"
        }
      }
    },
    "GetCaseDetailsResponseData": {
      "id": "GetCaseDetailsResponseData",
      "required": [],
      "properties": {
        "hierarchy": {
          "description": "Hierarchy details",
          "defaultValue": "",
          "uniqueItems": false,
          "$ref": "Hierarchy"
        },
        "callerInfo": {
          "description": "Caller information",
          "defaultValue": "",
          "uniqueItems": false,
          "$ref": "CallerInfo"
        },
        "caseInfo": {
          "description": "Case information",
          "defaultValue": "",
          "uniqueItems": false,
          "$ref": "AdditionalCaseDetails"
        },
        "attachments": {
          "description": "Attachments details",
          "items": {
            "$ref": "AttachmentIdentifiers"
          },
          "defaultValue": "",
          "uniqueItems": false,
          "type": "array"
        }
      }
    },
    "ErrorResponse": {
      "id": "ErrorResponse",
      "required": [
        "errorMessage"
      ],
      "properties": {
        "correlationId": {
          "description": "Worldpay generated Correlation Id",
          "defaultValue": "",
          "uniqueItems": false,
          "type": "string"
        },
        "errorCode": {
          "description": "Error code",
          "defaultValue": "",
          "uniqueItems": false,
          "type": "string"
        },
        "errorMessage": {
          "description": "Error message",
          "defaultValue": "",
          "uniqueItems": false,
          "type": "string"
        }
      }
    },
    "caseNumber_attachments_body": {
      "id": "caseNumber_attachments_body",
      "required": [],
      "properties": {
        "file": {
          "description": "Attachment file",
          "defaultValue": "",
          "uniqueItems": false,
          "type": "object"
        }
      }
    }
  },
  "authorizations": {
    "api_key": {
      "passAs": "header",
      "keyname": "Authorization",
      "type": "apiKey"
    }
  },
  "consumes": [
    "application/json"
  ],
  "produces": [
    "application/json"
  ]
}