{
  "id": "eec6c900-002d-408f-9fdb-3a2991689b84",
  "name": "Servicing Merchant Case Management API",
  "description": "The Merchant Case Management API allows the merchants to create, search & get the details of a case \n # Authentication \n<SecurityDefinitions />",
  "order": [],
  "folders": [
    {
      "id": "7bed1289-c294-45eb-81d7-1ca459e4bb97",
      "name": "Case",
      "description": "",
      "order": [
        "4ef75444-dce0-405b-841f-addde0559c5a",
        "7de101c0-24e4-4802-9278-054c066423b6",
        "2ccb7d2e-0c63-47b7-9266-6231ce9118f1",
        "e9897a8a-55f8-43d0-865b-3e7a2e438534",
        "8d365a49-2901-4ada-a023-2914e7f90c18",
        "5a47d18e-8e0b-4b8e-8d35-ceb7904f377a"
      ],
      "collection_id": "eec6c900-002d-408f-9fdb-3a2991689b84"
    },
    {
      "id": "28524866-dfce-4c04-82f9-d2ceccd56c7a",
      "name": "Lookup",
      "description": "",
      "order": [
        "52d4f0ca-2a6f-41f8-99b5-9fc78ab87954",
        "e74143d9-b20a-4763-80d2-45afcefbc928",
        "1ebab9fa-8dc8-4dad-a7b9-b05139f8f8e7"
      ],
      "collection_id": "eec6c900-002d-408f-9fdb-3a2991689b84"
    }
  ],
  "requests": [
    {
      "folder": "7bed1289-c294-45eb-81d7-1ca459e4bb97",
      "id": "4ef75444-dce0-405b-841f-addde0559c5a",
      "name": "createCase",
      "dataMode": "raw",
      "dataDisabled": false,
      "descriptionFormat": "markdown",
      "description": "Create a new case in service cloud",
      "headers": "Content-Type:application/json\r\nv-correlation-id:24578e35-9bd2-238f-b4c2-0bc9ad9aed2b\r\nAccept:application/json\r\n",
      "method": "POST",
      "currentHelper": "apikey",
      "helperAttributes": {
        "id": "apikey",
        "key": "Authorization",
        "value": "Authorization69",
        "in": "header"
      },
      "auth": {
        "type": "apikey",
        "apikey": [
          {
            "key": "in",
            "value": "header",
            "type": "string"
          },
          {
            "key": "key",
            "value": "Authorization",
            "type": "string"
          },
          {
            "key": "value",
            "value": "Authorization91",
            "type": "string"
          }
        ]
      },
      "pathVariables": {},
      "url": "https://apis.cert.worldpay.com/merchant-servicing/casemanagement/v1/cases",
      "responses": [
        {
          "request": "4ef75444-dce0-405b-841f-addde0559c5a",
          "id": "65c2ee3f-e051-49b9-bd46-dc25d16a6485",
          "name": "Response_201",
          "status": "Created",
          "responseCode": {
            "code": 201,
            "name": "201",
            "detail": "Created"
          },
          "headers": [
            {
              "key": "Content-Type",
              "value": "application/json"
            }
          ],
          "mime": "application/json",
          "text": "{\r\n  \"caseNumber\": \"1232878\"\r\n}",
          "language": "Text",
          "rawDataType": "text"
        }
      ],
      "rawModeData": "{\r\n  \"entityInfo\": {\r\n    \"entityValue\": \"0H9124\",\r\n    \"entityType\": \"CHAIN\"\r\n  },\r\n  \"callerInfo\": {\r\n    \"requestor\": \"RequestorName\",\r\n    \"email\": \"Requestors@email.com\",\r\n    \"phoneNumber\": \"6789923328\"\r\n  },\r\n  \"caseInfo\": {\r\n    \"subject\": \"Update Primary Contact\",\r\n    \"category\": \"Account Management\",\r\n    \"reason\": \"Service Activity\",\r\n    \"description\": \"Detailed discription\",\r\n    \"origin\": \"Web-eWPD\",\r\n    \"caseType\": \"Authorized User Maintenance\",\r\n    \"priority\": \"Urgent\"\r\n  },\r\n  \"attachments\": [\r\n    {\r\n      \"fileName\": \"testFile.txt\",\r\n      \"fileContent\": null\r\n    }\r\n  ]\r\n}",
      "collectionId": "eec6c900-002d-408f-9fdb-3a2991689b84",
      "queryParams": [],
      "headerData": [
        {
          "key": "Content-Type",
          "value": "application/json",
          "description": ""
        },
        {
          "key": "v-correlation-id",
          "value": "24578e35-9bd2-238f-b4c2-0bc9ad9aed2b",
          "description": "Correlation Id"
        },
        {
          "key": "Accept",
          "value": "application/json"
        }
      ],
      "pathVariableData": []
    },
    {
      "folder": "7bed1289-c294-45eb-81d7-1ca459e4bb97",
      "id": "7de101c0-24e4-4802-9278-054c066423b6",
      "name": "updateCase",
      "dataMode": "raw",
      "dataDisabled": false,
      "descriptionFormat": "markdown",
      "description": "Add comments for an existing service request case present with Worldpay.",
      "headers": "Content-Type:application/json\r\nv-correlation-id:24578e35-9bd2-238f-b4c2-0bc9ad9aed2b\r\nAccept:application/json\r\n",
      "method": "POST",
      "pathVariables": {
        "caseNumber": "12376567"
      },
      "url": "https://apis.cert.worldpay.com/merchant-servicing/casemanagement/v1/cases/:caseNumber/comments",
      "responses": [
        {
          "request": "7de101c0-24e4-4802-9278-054c066423b6",
          "id": "632b8223-82d1-426b-b1a4-134496e8f6f3",
          "name": "Response_201",
          "status": "Created",
          "responseCode": {
            "code": 201,
            "name": "201",
            "detail": "Created"
          },
          "headers": [],
          "language": "Text"
        }
      ],
      "rawModeData": "{\r\n  \"comment\": \"This is a new comment\"\r\n}",
      "collectionId": "eec6c900-002d-408f-9fdb-3a2991689b84",
      "queryParams": [],
      "headerData": [
        {
          "key": "Content-Type",
          "value": "application/json",
          "description": ""
        },
        {
          "key": "v-correlation-id",
          "value": "24578e35-9bd2-238f-b4c2-0bc9ad9aed2b",
          "description": "Correlation Id"
        },
        {
          "key": "Accept",
          "value": "application/json"
        }
      ],
      "pathVariableData": [
        {
          "key": "caseNumber",
          "value": "12376567",
          "description": "Unique number assigned to the case (Auto generated once case is created)"
        }
      ]
    },
    {
      "folder": "7bed1289-c294-45eb-81d7-1ca459e4bb97",
      "id": "2ccb7d2e-0c63-47b7-9266-6231ce9118f1",
      "name": "GetCaseDetails",
      "dataDisabled": false,
      "descriptionFormat": "markdown",
      "description": "Retrieve details for a specific service request case submitted with Worldpay.",
      "headers": "v-correlation-id:24578e35-9bd2-238f-b4c2-0bc9ad9aed2b\r\nAccept:application/json\r\n",
      "method": "GET",
      "currentHelper": "apikey",
      "helperAttributes": {
        "id": "apikey",
        "key": "Authorization",
        "value": "Authorization30",
        "in": "header"
      },
      "auth": {
        "type": "apikey",
        "apikey": [
          {
            "key": "in",
            "value": "header",
            "type": "string"
          },
          {
            "key": "key",
            "value": "Authorization",
            "type": "string"
          },
          {
            "key": "value",
            "value": "Authorization13",
            "type": "string"
          }
        ]
      },
      "pathVariables": {
        "caseNumber": "11111234"
      },
      "url": "https://apis.cert.worldpay.com/merchant-servicing/casemanagement/v1/cases/:caseNumber",
      "responses": [
        {
          "request": "2ccb7d2e-0c63-47b7-9266-6231ce9118f1",
          "id": "f1c8c994-56e0-4027-a172-ef31a875f7e3",
          "name": "Response_200",
          "status": "Ok",
          "responseCode": {
            "code": 200,
            "name": "200",
            "detail": "Ok"
          },
          "headers": [
            {
              "key": "Content-Type",
              "value": "application/json"
            }
          ],
          "mime": "application/json",
          "text": "{\r\n  \"hierarchy\": {\r\n    \"salesOrganizationCode\": \"55\",\r\n    \"salesOrganizationName\": \"CORE\",\r\n    \"salesChannelCode\": \"812\",\r\n    \"salesChannelName\": \"ABC NORTH WEST\",\r\n    \"partnerId\": \"81\",\r\n    \"partnerName\": \"VSoft\",\r\n    \"regionCode\": \"MD0001\",\r\n    \"regionName\": \"Mid West South Central\",\r\n    \"nationalCode\": \"ABC101\",\r\n    \"nationalName\": \"ABC Company\",\r\n    \"divisionCode\": \"191\",\r\n    \"divisionName\": \"DIVISION 191\",\r\n    \"superChainCode\": \"STEST7053\",\r\n    \"superChainName\": \"SKrog\",\r\n    \"storeNumber\": \"000000011\",\r\n    \"storeName\": \"ABC #037\",\r\n    \"chainCode\": \"0T0081\",\r\n    \"chainName\": \"ABC, Inc\",\r\n    \"merchantId\": \"111222333444555\",\r\n    \"merchantName\": \"ABC #037\"\r\n  },\r\n  \"callerInfo\": {\r\n    \"requestor\": \"RequestorName\",\r\n    \"email\": \"Requestors@email.com\",\r\n    \"phoneNumber\": \"6789923328\"\r\n  },\r\n  \"caseInfo\": {\r\n    \"caseNumber\": \"0123213213\",\r\n    \"category\": \"Account Management\",\r\n    \"caseType\": \"Authorized User Maintenance\",\r\n    \"priority\": \"Urgent\",\r\n    \"status\": \"Pending\",\r\n    \"subStatus\": \"Pending Internal\",\r\n    \"reason\": \"Status Update\",\r\n    \"subject\": \"KB-SUB-827\",\r\n    \"description\": \"This is the test description\"\r\n  },\r\n  \"attachments\": [\r\n    {\r\n      \"fileName\": \"testFile.xml\",\r\n      \"id\": \"XCG1234\"\r\n    }\r\n  ]\r\n}",
          "language": "Text",
          "rawDataType": "text"
        }
      ],
      "collectionId": "eec6c900-002d-408f-9fdb-3a2991689b84",
      "queryParams": [],
      "headerData": [
        {
          "key": "v-correlation-id",
          "value": "24578e35-9bd2-238f-b4c2-0bc9ad9aed2b",
          "description": "Correlation Id"
        },
        {
          "key": "Accept",
          "value": "application/json"
        }
      ],
      "pathVariableData": [
        {
          "key": "caseNumber",
          "value": "11111234",
          "description": "Unique number assigned to the case (Auto generated once case is created)"
        }
      ]
    },
    {
      "folder": "7bed1289-c294-45eb-81d7-1ca459e4bb97",
      "id": "e9897a8a-55f8-43d0-865b-3e7a2e438534",
      "name": "searchCases",
      "dataMode": "raw",
      "dataDisabled": false,
      "descriptionFormat": "markdown",
      "description": "Search for service request cases  based on search parameters with Worldpay.",
      "headers": "Content-Type:application/json\r\nv-correlation-id:24578e35-9bd2-238f-b4c2-0bc9ad9aed2b\r\nAccept:application/json\r\n",
      "method": "POST",
      "currentHelper": "apikey",
      "helperAttributes": {
        "id": "apikey",
        "key": "Authorization",
        "value": "Authorization96",
        "in": "header"
      },
      "auth": {
        "type": "apikey",
        "apikey": [
          {
            "key": "in",
            "value": "header",
            "type": "string"
          },
          {
            "key": "key",
            "value": "Authorization",
            "type": "string"
          },
          {
            "key": "value",
            "value": "Authorization3",
            "type": "string"
          }
        ]
      },
      "pathVariables": {},
      "url": "https://apis.cert.worldpay.com/merchant-servicing/casemanagement/v1/cases/search",
      "responses": [
        {
          "request": "e9897a8a-55f8-43d0-865b-3e7a2e438534",
          "id": "42c56fbb-09ac-4060-b307-48800290dfc6",
          "name": "Response_200",
          "status": "Success",
          "responseCode": {
            "code": 200,
            "name": "200",
            "detail": "Success"
          },
          "headers": [
            {
              "key": "Content-Type",
              "value": "application/json"
            }
          ],
          "mime": "application/json",
          "text": "{\r\n  \"caseList\": [\r\n    {\r\n      \"caseHierarchy\": {\r\n        \"salesOrganizationCode\": \"55\",\r\n        \"salesOrganizationName\": \"CORE\",\r\n        \"salesChannelCode\": \"812\",\r\n        \"salesChannelName\": \"ABC NORTH WEST\",\r\n        \"partnerId\": \"81\",\r\n        \"partnerName\": \"VSoft\",\r\n        \"regionCode\": \"MD0001\",\r\n        \"regionName\": \"Mid West South Central\",\r\n        \"nationalCode\": \"ABC101\",\r\n        \"nationalName\": \"ABC Company\",\r\n        \"divisionCode\": \"191\",\r\n        \"divisionName\": \"DIVISION 191\",\r\n        \"superChainCode\": \"STEST7053\",\r\n        \"superChainName\": \"SKrog\",\r\n        \"storeNumber\": \"000000011\",\r\n        \"storeName\": \"ABC #037\",\r\n        \"chainCode\": \"0T0081\",\r\n        \"chainName\": \"ABC, Inc\",\r\n        \"merchantId\": \"111222333444555\",\r\n        \"merchantName\": \"ABC #037\"\r\n      },\r\n      \"caseInfo\": {\r\n        \"caseNumber\": \"02567576\",\r\n        \"category\": \"Account Management\",\r\n        \"caseType\": \"Authorized User Maintenance\",\r\n        \"origin\": \"api-Payment Accelerator\",\r\n        \"status\": \"In Progress\",\r\n        \"priority\": \"Urgent\",\r\n        \"subject\": \"MID786543 - Card 1234 load issues\"\r\n      }\r\n    }\r\n  ],\r\n  \"paginationResponse\": {\r\n    \"pagination\": {\r\n      \"limit\": \"3\",\r\n      \"offset\": \"1\"\r\n    },\r\n    \"moreDataAvailable\": \"false\",\r\n    \"totalRowCount\": 3000,\r\n    \"totalReturnedCount\": 1\r\n  }\r\n}",
          "language": "Text",
          "rawDataType": "text"
        }
      ],
      "rawModeData": "{\r\n  \"dateType\": \"openDate\",\r\n  \"dateRange\": {\r\n    \"fromDate\": \"2021-10-27\",\r\n    \"toDate\": \"2021-12-27\"\r\n  },\r\n  \"entityInfo\": {\r\n    \"entityValue\": \"0H9124\",\r\n    \"entityType\": \"CHAIN\"\r\n  },\r\n  \"caseInfo\": {\r\n    \"caseNumber\": \"02567576\",\r\n    \"category\": \"Account Management\",\r\n    \"caseType\": \"Authorized User Maintenance\",\r\n    \"status\": \"In Progress\",\r\n    \"priority\": \"Urgent\"\r\n  },\r\n  \"paginationRequest\": {\r\n    \"limit\": \"3\",\r\n    \"offset\": \"1\"\r\n  },\r\n  \"sortResultsBy\": [\r\n    {\r\n      \"fieldName\": \"caseNumber\",\r\n      \"orderBy\": \"DESC\"\r\n    }\r\n  ]\r\n}",
      "collectionId": "eec6c900-002d-408f-9fdb-3a2991689b84",
      "queryParams": [],
      "headerData": [
        {
          "key": "Content-Type",
          "value": "application/json",
          "description": ""
        },
        {
          "key": "v-correlation-id",
          "value": "24578e35-9bd2-238f-b4c2-0bc9ad9aed2b",
          "description": "Correlation Id"
        },
        {
          "key": "Accept",
          "value": "application/json"
        }
      ],
      "pathVariableData": []
    },
    {
      "folder": "7bed1289-c294-45eb-81d7-1ca459e4bb97",
      "id": "8d365a49-2901-4ada-a023-2914e7f90c18",
      "name": "createAttachments",
      "dataMode": "params",
      "data": [
        {
          "key": "file",
          "description": "Attachment file",
          "enabled": true,
          "type": "file"
        }
      ],
      "dataDisabled": false,
      "descriptionFormat": "markdown",
      "description": "Attach attachments for an existing service request case present with WorldPay.",
      "headers": "v-correlation-id:24578e35-9bd2-238f-b4c2-0bc9ad9aed2b\r\nAccept:application/json\r\n",
      "method": "POST",
      "currentHelper": "apikey",
      "helperAttributes": {
        "id": "apikey",
        "key": "Authorization",
        "value": "Authorization86",
        "in": "header"
      },
      "auth": {
        "type": "apikey",
        "apikey": [
          {
            "key": "in",
            "value": "header",
            "type": "string"
          },
          {
            "key": "key",
            "value": "Authorization",
            "type": "string"
          },
          {
            "key": "value",
            "value": "Authorization28",
            "type": "string"
          }
        ]
      },
      "pathVariables": {
        "caseNumber": "12376567"
      },
      "url": "https://apis.cert.worldpay.com/merchant-servicing/casemanagement/v1/cases/:caseNumber/attachments",
      "responses": [
        {
          "request": "8d365a49-2901-4ada-a023-2914e7f90c18",
          "id": "e80b2899-a35d-49a3-9f62-7302cbdb74c8",
          "name": "Response_201",
          "status": "Created",
          "responseCode": {
            "code": 201,
            "name": "201",
            "detail": "Created"
          },
          "headers": [],
          "language": "Text"
        }
      ],
      "collectionId": "eec6c900-002d-408f-9fdb-3a2991689b84",
      "queryParams": [],
      "headerData": [
        {
          "key": "v-correlation-id",
          "value": "24578e35-9bd2-238f-b4c2-0bc9ad9aed2b",
          "description": "Correlation Id"
        },
        {
          "key": "Accept",
          "value": "application/json"
        }
      ],
      "pathVariableData": [
        {
          "key": "caseNumber",
          "value": "12376567",
          "description": "Unique number assigned to the case (Auto generated once case is created)"
        }
      ]
    },
    {
      "folder": "7bed1289-c294-45eb-81d7-1ca459e4bb97",
      "id": "5a47d18e-8e0b-4b8e-8d35-ceb7904f377a",
      "name": "getAttachments",
      "dataDisabled": false,
      "descriptionFormat": "markdown",
      "description": "Retrieve attachment of a case by attachment identifier with Worldpay.",
      "headers": "v-correlation-id:24578e35-9bd2-238f-b4c2-0bc9ad9aed2b\r\nAccept:application/json\r\n",
      "method": "GET",
      "currentHelper": "apikey",
      "helperAttributes": {
        "id": "apikey",
        "key": "Authorization",
        "value": "Authorization27",
        "in": "header"
      },
      "auth": {
        "type": "apikey",
        "apikey": [
          {
            "key": "in",
            "value": "header",
            "type": "string"
          },
          {
            "key": "key",
            "value": "Authorization",
            "type": "string"
          },
          {
            "key": "value",
            "value": "Authorization1",
            "type": "string"
          }
        ]
      },
      "pathVariables": {
        "caseNumber": "14837",
        "attachmentId": "A1JXVGTYUIO"
      },
      "url": "https://apis.cert.worldpay.com/merchant-servicing/casemanagement/v1/cases/:caseNumber/attachments/:attachmentId",
      "responses": [
        {
          "request": "5a47d18e-8e0b-4b8e-8d35-ceb7904f377a",
          "id": "914ac1b5-9754-4160-a272-f3dada67e856",
          "name": "Response_200",
          "status": "Ok",
          "responseCode": {
            "code": 200,
            "name": "200",
            "detail": "Ok"
          },
          "headers": [
            {
              "key": "Content-Type",
              "value": "application/json"
            }
          ],
          "mime": "application/json",
          "text": "{\r\n  \"fileName\": \"testFile.xml\",\r\n  \"fileContent\": \"V2ViIC0gZVdQRA==\",\r\n  \"attachmentId\": \"0099UI6732\"\r\n}",
          "language": "Text",
          "rawDataType": "text"
        }
      ],
      "collectionId": "eec6c900-002d-408f-9fdb-3a2991689b84",
      "queryParams": [],
      "headerData": [
        {
          "key": "v-correlation-id",
          "value": "24578e35-9bd2-238f-b4c2-0bc9ad9aed2b",
          "description": "Correlation Id"
        },
        {
          "key": "Accept",
          "value": "application/json"
        }
      ],
      "pathVariableData": [
        {
          "key": "caseNumber",
          "value": "14837",
          "description": "Case Number associated with the attachment"
        },
        {
          "key": "attachmentId",
          "value": "A1JXVGTYUIO",
          "description": "Attachment identifier for the file"
        }
      ]
    },
    {
      "folder": "28524866-dfce-4c04-82f9-d2ceccd56c7a",
      "id": "52d4f0ca-2a6f-41f8-99b5-9fc78ab87954",
      "name": "GetCaseCategories",
      "dataDisabled": false,
      "descriptionFormat": "markdown",
      "description": "Get list of all active case categories from WolrdPay.",
      "headers": "v-correlation-id:24578e35-9bd2-238f-b4c2-0bc9ad9aed2b\r\nAccept:application/json\r\n",
      "method": "GET",
      "currentHelper": "apikey",
      "helperAttributes": {
        "id": "apikey",
        "key": "Authorization",
        "value": "Authorization15",
        "in": "header"
      },
      "auth": {
        "type": "apikey",
        "apikey": [
          {
            "key": "in",
            "value": "header",
            "type": "string"
          },
          {
            "key": "key",
            "value": "Authorization",
            "type": "string"
          },
          {
            "key": "value",
            "value": "Authorization48",
            "type": "string"
          }
        ]
      },
      "pathVariables": {},
      "url": "https://apis.cert.worldpay.com/merchant-servicing/casemanagement/v1/lookup/categories?country=US",
      "responses": [
        {
          "request": "52d4f0ca-2a6f-41f8-99b5-9fc78ab87954",
          "id": "cb4adb15-0e6d-48a2-b495-397d24632c8d",
          "name": "Response_200",
          "status": "Ok",
          "responseCode": {
            "code": 200,
            "name": "200",
            "detail": "Ok"
          },
          "headers": [
            {
              "key": "Content-Type",
              "value": "application/json"
            }
          ],
          "mime": "application/json",
          "text": "{\"categories\":[\"Account Management\",\"Collections\",\"Configuration/Downloads\",\"Contract Management\",\"Disputes\"]}",
          "language": "Text",
          "rawDataType": "text"
        }
      ],
      "collectionId": "eec6c900-002d-408f-9fdb-3a2991689b84",
      "queryParams": [
        {
          "key": "country",
          "value": "US",
          "description": "country for retrieveing the categories, default is US if nothing is passed"
        }
      ],
      "headerData": [
        {
          "key": "v-correlation-id",
          "value": "24578e35-9bd2-238f-b4c2-0bc9ad9aed2b",
          "description": "Correlation Id"
        },
        {
          "key": "Accept",
          "value": "application/json"
        }
      ],
      "pathVariableData": []
    },
    {
      "folder": "28524866-dfce-4c04-82f9-d2ceccd56c7a",
      "id": "e74143d9-b20a-4763-80d2-45afcefbc928",
      "name": "GetCaseCategoryTypes",
      "dataDisabled": false,
      "descriptionFormat": "markdown",
      "description": "Retrieve list of case types for specific case category with WolrdPay",
      "headers": "v-correlation-id:24578e35-9bd2-238f-b4c2-0bc9ad9aed2b\r\nAccept:application/json\r\n",
      "method": "GET",
      "currentHelper": "apikey",
      "helperAttributes": {
        "id": "apikey",
        "key": "Authorization",
        "value": "Authorization88",
        "in": "header"
      },
      "auth": {
        "type": "apikey",
        "apikey": [
          {
            "key": "in",
            "value": "header",
            "type": "string"
          },
          {
            "key": "key",
            "value": "Authorization",
            "type": "string"
          },
          {
            "key": "value",
            "value": "Authorization78",
            "type": "string"
          }
        ]
      },
      "pathVariables": {},
      "url": "https://apis.cert.worldpay.com/merchant-servicing/casemanagement/v1/lookup/categories/casetypes?category=Account%20Management",
      "responses": [
        {
          "request": "e74143d9-b20a-4763-80d2-45afcefbc928",
          "id": "c406d688-e3aa-4d28-aec5-a5fefec54fb1",
          "name": "Response_200",
          "status": "Ok",
          "responseCode": {
            "code": 200,
            "name": "200",
            "detail": "Ok"
          },
          "headers": [
            {
              "key": "Content-Type",
              "value": "application/json"
            }
          ],
          "mime": "application/json",
          "text": "{\"category\":\"Account Management\",\"caseTypes\":[\"Add Location\",\"Authorized User Maintenance\",\"Close Account\",\"Dealer/Partner/RM Change\"]}",
          "language": "Text",
          "rawDataType": "text"
        }
      ],
      "collectionId": "eec6c900-002d-408f-9fdb-3a2991689b84",
      "queryParams": [
        {
          "key": "category",
          "value": "Account%20Management",
          "description": "Case category. High level grouping of case types."
        }
      ],
      "headerData": [
        {
          "key": "v-correlation-id",
          "value": "24578e35-9bd2-238f-b4c2-0bc9ad9aed2b",
          "description": "Correlation Id"
        },
        {
          "key": "Accept",
          "value": "application/json"
        }
      ],
      "pathVariableData": []
    },
    {
      "folder": "28524866-dfce-4c04-82f9-d2ceccd56c7a",
      "id": "1ebab9fa-8dc8-4dad-a7b9-b05139f8f8e7",
      "name": "GetCaseReasons",
      "dataDisabled": false,
      "descriptionFormat": "markdown",
      "description": "Retrieve list of all case reasons from WolrdPay.",
      "headers": "v-correlation-id:24578e35-9bd2-238f-b4c2-0bc9ad9aed2b\r\nAccept:application/json\r\n",
      "method": "GET",
      "pathVariables": {},
      "url": "https://apis.cert.worldpay.com/merchant-servicing/casemanagement/v1/lookup/reasons",
      "responses": [
        {
          "request": "1ebab9fa-8dc8-4dad-a7b9-b05139f8f8e7",
          "id": "9c588e41-bca0-4a28-9c59-f3d9236dda54",
          "name": "Response_200",
          "status": "Ok",
          "responseCode": {
            "code": 200,
            "name": "200",
            "detail": "Ok"
          },
          "headers": [
            {
              "key": "Content-Type",
              "value": "application/json"
            }
          ],
          "mime": "application/json",
          "text": "{\"reasons\":[\"Escalation\",\"Repeat Call\",\"Service Activity\",\"Status Update\"]}",
          "language": "Text",
          "rawDataType": "text"
        }
      ],
      "collectionId": "eec6c900-002d-408f-9fdb-3a2991689b84",
      "queryParams": [],
      "headerData": [
        {
          "key": "v-correlation-id",
          "value": "24578e35-9bd2-238f-b4c2-0bc9ad9aed2b",
          "description": "Correlation Id"
        },
        {
          "key": "Accept",
          "value": "application/json"
        }
      ],
      "pathVariableData": []
    }
  ],
  "variables": []
}