{
  "info": {
    "name": "Servicing Merchant Case Management API",
    "_postman_id": "617a48b1-6ad4-419e-85eb-956e00136d97",
    "description": "The Merchant Case Management API allows the merchants to create, search & get the details of a case \n # Authentication \n<SecurityDefinitions />",
    "schema": "https://schema.getpostman.com/json/collection/v2.0.0/collection.json"
  },
  "item": [
    {
      "name": "Case",
      "description": "",
      "item": [
        {
          "id": "b36ed287-57b9-46e4-ac22-46b809b7243e",
          "name": "createCase",
          "request": {
            "url": {
              "protocol": "https",
              "host": "apis.cert.worldpay.com",
              "path": [
                "merchant-servicing",
                "casemanagement",
                "v1",
                "cases"
              ]
            },
            "auth": {
              "type": "apikey",
              "apikey": {
                "key": "Authorization",
                "value": "Authorization22",
                "in": "header"
              }
            },
            "method": "POST",
            "header": [
              {
                "key": "Content-Type",
                "value": "application/json",
                "description": "",
                "disabled": false
              },
              {
                "key": "v-correlation-id",
                "value": "24578e35-9bd2-238f-b4c2-0bc9ad9aed2b",
                "description": "Correlation Id",
                "disabled": false
              },
              {
                "key": "Accept",
                "value": "application/json",
                "disabled": false
              }
            ],
            "body": {
              "mode": "raw",
              "raw": "{\r\n  \"entityInfo\": {\r\n    \"entityValue\": \"0H9124\",\r\n    \"entityType\": \"CHAIN\"\r\n  },\r\n  \"callerInfo\": {\r\n    \"requestor\": \"RequestorName\",\r\n    \"email\": \"Requestors@email.com\",\r\n    \"phoneNumber\": \"6789923328\"\r\n  },\r\n  \"caseInfo\": {\r\n    \"subject\": \"Update Primary Contact\",\r\n    \"category\": \"Account Management\",\r\n    \"reason\": \"Service Activity\",\r\n    \"description\": \"Detailed discription\",\r\n    \"origin\": \"Web-eWPD\",\r\n    \"caseType\": \"Authorized User Maintenance\",\r\n    \"priority\": \"Urgent\"\r\n  },\r\n  \"attachments\": [\r\n    {\r\n      \"fileName\": \"testFile.txt\",\r\n      \"fileContent\": null\r\n    }\r\n  ]\r\n}",
              "disabled": false
            },
            "description": "Create a new case in service cloud"
          },
          "response": [
            {
              "header": [
                {
                  "key": "Content-Type",
                  "value": "application/json",
                  "disabled": false
                }
              ],
              "body": "{\r\n  \"caseNumber\": \"1232878\"\r\n}",
              "status": "Created",
              "code": 201,
              "name": "Response_201",
              "id": "0f1ca7c1-0589-4991-a5a8-53675169c7f3"
            }
          ]
        },
        {
          "id": "543729c0-84af-4695-9e2c-cb435c53db36",
          "name": "updateCase",
          "request": {
            "url": {
              "protocol": "https",
              "host": "apis.cert.worldpay.com",
              "path": [
                "merchant-servicing",
                "casemanagement",
                "v1",
                "cases/:caseNumber/comments"
              ],
              "variable": [
                {
                  "id": "caseNumber",
                  "key": "caseNumber",
                  "value": "12376567",
                  "type": "string",
                  "description": "Unique number assigned to the case (Auto generated once case is created)"
                }
              ]
            },
            "method": "POST",
            "header": [
              {
                "key": "Content-Type",
                "value": "application/json",
                "description": "",
                "disabled": false
              },
              {
                "key": "v-correlation-id",
                "value": "24578e35-9bd2-238f-b4c2-0bc9ad9aed2b",
                "description": "Correlation Id",
                "disabled": false
              },
              {
                "key": "Accept",
                "value": "application/json",
                "disabled": false
              }
            ],
            "body": {
              "mode": "raw",
              "raw": "{\r\n  \"comment\": \"This is a new comment\"\r\n}",
              "disabled": false
            },
            "description": "Add comments for an existing service request case present with Worldpay."
          },
          "response": [
            {
              "header": [],
              "status": "Created",
              "code": 201,
              "name": "Response_201",
              "id": "63202319-cc16-4c6a-8229-117a26397afb"
            }
          ]
        },
        {
          "id": "f2ea15ea-5075-4a13-bdba-8b1a25d8cd8a",
          "name": "GetCaseDetails",
          "request": {
            "url": {
              "protocol": "https",
              "host": "apis.cert.worldpay.com",
              "path": [
                "merchant-servicing",
                "casemanagement",
                "v1",
                "cases/:caseNumber"
              ],
              "variable": [
                {
                  "id": "caseNumber",
                  "key": "caseNumber",
                  "value": "11111234",
                  "type": "string",
                  "description": "Unique number assigned to the case (Auto generated once case is created)"
                }
              ]
            },
            "auth": {
              "type": "apikey",
              "apikey": {
                "key": "Authorization",
                "value": "Authorization21",
                "in": "header"
              }
            },
            "method": "GET",
            "header": [
              {
                "key": "v-correlation-id",
                "value": "24578e35-9bd2-238f-b4c2-0bc9ad9aed2b",
                "description": "Correlation Id",
                "disabled": false
              },
              {
                "key": "Accept",
                "value": "application/json",
                "disabled": false
              }
            ],
            "body": {
              "mode": "raw",
              "disabled": false
            },
            "description": "Retrieve details for a specific service request case submitted with Worldpay."
          },
          "response": [
            {
              "header": [
                {
                  "key": "Content-Type",
                  "value": "application/json",
                  "disabled": false
                }
              ],
              "body": "{\r\n  \"hierarchy\": {\r\n    \"salesOrganizationCode\": \"55\",\r\n    \"salesOrganizationName\": \"CORE\",\r\n    \"salesChannelCode\": \"812\",\r\n    \"salesChannelName\": \"ABC NORTH WEST\",\r\n    \"partnerId\": \"81\",\r\n    \"partnerName\": \"VSoft\",\r\n    \"regionCode\": \"MD0001\",\r\n    \"regionName\": \"Mid West South Central\",\r\n    \"nationalCode\": \"ABC101\",\r\n    \"nationalName\": \"ABC Company\",\r\n    \"divisionCode\": \"191\",\r\n    \"divisionName\": \"DIVISION 191\",\r\n    \"superChainCode\": \"STEST7053\",\r\n    \"superChainName\": \"SKrog\",\r\n    \"storeNumber\": \"000000011\",\r\n    \"storeName\": \"ABC #037\",\r\n    \"chainCode\": \"0T0081\",\r\n    \"chainName\": \"ABC, Inc\",\r\n    \"merchantId\": \"111222333444555\",\r\n    \"merchantName\": \"ABC #037\"\r\n  },\r\n  \"callerInfo\": {\r\n    \"requestor\": \"RequestorName\",\r\n    \"email\": \"Requestors@email.com\",\r\n    \"phoneNumber\": \"6789923328\"\r\n  },\r\n  \"caseInfo\": {\r\n    \"caseNumber\": \"0123213213\",\r\n    \"category\": \"Account Management\",\r\n    \"caseType\": \"Authorized User Maintenance\",\r\n    \"priority\": \"Urgent\",\r\n    \"status\": \"Pending\",\r\n    \"subStatus\": \"Pending Internal\",\r\n    \"reason\": \"Status Update\",\r\n    \"subject\": \"KB-SUB-827\",\r\n    \"description\": \"This is the test description\"\r\n  },\r\n  \"attachments\": [\r\n    {\r\n      \"fileName\": \"testFile.xml\",\r\n      \"id\": \"XCG1234\"\r\n    }\r\n  ]\r\n}",
              "status": "Ok",
              "code": 200,
              "name": "Response_200",
              "id": "032fdfaa-2ef6-4183-a041-0bfacecf52ed"
            }
          ]
        },
        {
          "id": "63bc2a38-5346-43bd-a7d7-6d408dbec314",
          "name": "searchCases",
          "request": {
            "url": {
              "protocol": "https",
              "host": "apis.cert.worldpay.com",
              "path": [
                "merchant-servicing",
                "casemanagement",
                "v1",
                "cases/search"
              ]
            },
            "auth": {
              "type": "apikey",
              "apikey": {
                "key": "Authorization",
                "value": "Authorization20",
                "in": "header"
              }
            },
            "method": "POST",
            "header": [
              {
                "key": "Content-Type",
                "value": "application/json",
                "description": "",
                "disabled": false
              },
              {
                "key": "v-correlation-id",
                "value": "24578e35-9bd2-238f-b4c2-0bc9ad9aed2b",
                "description": "Correlation Id",
                "disabled": false
              },
              {
                "key": "Accept",
                "value": "application/json",
                "disabled": false
              }
            ],
            "body": {
              "mode": "raw",
              "raw": "{\r\n  \"dateType\": \"openDate\",\r\n  \"dateRange\": {\r\n    \"fromDate\": \"2021-10-27\",\r\n    \"toDate\": \"2021-12-27\"\r\n  },\r\n  \"entityInfo\": {\r\n    \"entityValue\": \"0H9124\",\r\n    \"entityType\": \"CHAIN\"\r\n  },\r\n  \"caseInfo\": {\r\n    \"caseNumber\": \"02567576\",\r\n    \"category\": \"Account Management\",\r\n    \"caseType\": \"Authorized User Maintenance\",\r\n    \"status\": \"In Progress\",\r\n    \"priority\": \"Urgent\"\r\n  },\r\n  \"paginationRequest\": {\r\n    \"limit\": \"3\",\r\n    \"offset\": \"1\"\r\n  },\r\n  \"sortResultsBy\": [\r\n    {\r\n      \"fieldName\": \"caseNumber\",\r\n      \"orderBy\": \"DESC\"\r\n    }\r\n  ]\r\n}",
              "disabled": false
            },
            "description": "Search for service request cases  based on search parameters with Worldpay."
          },
          "response": [
            {
              "header": [
                {
                  "key": "Content-Type",
                  "value": "application/json",
                  "disabled": false
                }
              ],
              "body": "{\r\n  \"caseList\": [\r\n    {\r\n      \"caseHierarchy\": {\r\n        \"salesOrganizationCode\": \"55\",\r\n        \"salesOrganizationName\": \"CORE\",\r\n        \"salesChannelCode\": \"812\",\r\n        \"salesChannelName\": \"ABC NORTH WEST\",\r\n        \"partnerId\": \"81\",\r\n        \"partnerName\": \"VSoft\",\r\n        \"regionCode\": \"MD0001\",\r\n        \"regionName\": \"Mid West South Central\",\r\n        \"nationalCode\": \"ABC101\",\r\n        \"nationalName\": \"ABC Company\",\r\n        \"divisionCode\": \"191\",\r\n        \"divisionName\": \"DIVISION 191\",\r\n        \"superChainCode\": \"STEST7053\",\r\n        \"superChainName\": \"SKrog\",\r\n        \"storeNumber\": \"000000011\",\r\n        \"storeName\": \"ABC #037\",\r\n        \"chainCode\": \"0T0081\",\r\n        \"chainName\": \"ABC, Inc\",\r\n        \"merchantId\": \"111222333444555\",\r\n        \"merchantName\": \"ABC #037\"\r\n      },\r\n      \"caseInfo\": {\r\n        \"caseNumber\": \"02567576\",\r\n        \"category\": \"Account Management\",\r\n        \"caseType\": \"Authorized User Maintenance\",\r\n        \"origin\": \"api-Payment Accelerator\",\r\n        \"status\": \"In Progress\",\r\n        \"priority\": \"Urgent\",\r\n        \"subject\": \"MID786543 - Card 1234 load issues\"\r\n      }\r\n    }\r\n  ],\r\n  \"paginationResponse\": {\r\n    \"pagination\": {\r\n      \"limit\": \"3\",\r\n      \"offset\": \"1\"\r\n    },\r\n    \"moreDataAvailable\": \"false\",\r\n    \"totalRowCount\": 3000,\r\n    \"totalReturnedCount\": 1\r\n  }\r\n}",
              "status": "Success",
              "code": 200,
              "name": "Response_200",
              "id": "8d77269a-a839-40c1-aeb1-fc00e5f935c3"
            }
          ]
        },
        {
          "id": "2f6bda66-b86e-4034-9301-f15320df0c13",
          "name": "createAttachments",
          "request": {
            "url": {
              "protocol": "https",
              "host": "apis.cert.worldpay.com",
              "path": [
                "merchant-servicing",
                "casemanagement",
                "v1",
                "cases/:caseNumber/attachments"
              ],
              "variable": [
                {
                  "id": "caseNumber",
                  "key": "caseNumber",
                  "value": "12376567",
                  "type": "string",
                  "description": "Unique number assigned to the case (Auto generated once case is created)"
                }
              ]
            },
            "auth": {
              "type": "apikey",
              "apikey": {
                "key": "Authorization",
                "value": "Authorization51",
                "in": "header"
              }
            },
            "method": "POST",
            "header": [
              {
                "key": "v-correlation-id",
                "value": "24578e35-9bd2-238f-b4c2-0bc9ad9aed2b",
                "description": "Correlation Id",
                "disabled": false
              },
              {
                "key": "Accept",
                "value": "application/json",
                "disabled": false
              }
            ],
            "body": {
              "mode": "formdata",
              "formdata": [
                {
                  "key": "file",
                  "disabled": false,
                  "type": "file",
                  "description": "Attachment file"
                }
              ],
              "disabled": false
            },
            "description": "Attach attachments for an existing service request case present with WorldPay."
          },
          "response": [
            {
              "header": [],
              "status": "Created",
              "code": 201,
              "name": "Response_201",
              "id": "1216180b-14f6-4e2d-a001-4648364179b6"
            }
          ]
        },
        {
          "id": "dc04a653-9b7c-4b46-9a5f-30bcc24a004f",
          "name": "getAttachments",
          "request": {
            "url": {
              "protocol": "https",
              "host": "apis.cert.worldpay.com",
              "path": [
                "merchant-servicing",
                "casemanagement",
                "v1",
                "cases/:caseNumber/attachments/:attachmentId"
              ],
              "variable": [
                {
                  "id": "caseNumber",
                  "key": "caseNumber",
                  "value": "14837",
                  "type": "string",
                  "description": "Case Number associated with the attachment"
                },
                {
                  "id": "attachmentId",
                  "key": "attachmentId",
                  "value": "A1JXVGTYUIO",
                  "type": "string",
                  "description": "Attachment identifier for the file"
                }
              ]
            },
            "auth": {
              "type": "apikey",
              "apikey": {
                "key": "Authorization",
                "value": "Authorization66",
                "in": "header"
              }
            },
            "method": "GET",
            "header": [
              {
                "key": "v-correlation-id",
                "value": "24578e35-9bd2-238f-b4c2-0bc9ad9aed2b",
                "description": "Correlation Id",
                "disabled": false
              },
              {
                "key": "Accept",
                "value": "application/json",
                "disabled": false
              }
            ],
            "body": {
              "mode": "raw",
              "disabled": false
            },
            "description": "Retrieve attachment of a case by attachment identifier with Worldpay."
          },
          "response": [
            {
              "header": [
                {
                  "key": "Content-Type",
                  "value": "application/json",
                  "disabled": false
                }
              ],
              "body": "{\r\n  \"fileName\": \"testFile.xml\",\r\n  \"fileContent\": \"V2ViIC0gZVdQRA==\",\r\n  \"attachmentId\": \"0099UI6732\"\r\n}",
              "status": "Ok",
              "code": 200,
              "name": "Response_200",
              "id": "24770d48-8e3d-4190-aaea-3b16de3a7c96"
            }
          ]
        }
      ]
    },
    {
      "name": "Lookup",
      "description": "",
      "item": [
        {
          "id": "d7c0a204-6bc9-4aea-9234-88896805aa2e",
          "name": "GetCaseCategories",
          "request": {
            "url": {
              "protocol": "https",
              "host": "apis.cert.worldpay.com",
              "path": [
                "merchant-servicing",
                "casemanagement",
                "v1",
                "lookup/categories"
              ],
              "query": [
                {
                  "key": "country",
                  "value": "US",
                  "description": "country for retrieveing the categories, default is US if nothing is passed",
                  "disabled": false
                }
              ]
            },
            "auth": {
              "type": "apikey",
              "apikey": {
                "key": "Authorization",
                "value": "Authorization26",
                "in": "header"
              }
            },
            "method": "GET",
            "header": [
              {
                "key": "v-correlation-id",
                "value": "24578e35-9bd2-238f-b4c2-0bc9ad9aed2b",
                "description": "Correlation Id",
                "disabled": false
              },
              {
                "key": "Accept",
                "value": "application/json",
                "disabled": false
              }
            ],
            "body": {
              "mode": "raw",
              "disabled": false
            },
            "description": "Get list of all active case categories from WolrdPay."
          },
          "response": [
            {
              "header": [
                {
                  "key": "Content-Type",
                  "value": "application/json",
                  "disabled": false
                }
              ],
              "body": "{\"categories\":[\"Account Management\",\"Collections\",\"Configuration/Downloads\",\"Contract Management\",\"Disputes\"]}",
              "status": "Ok",
              "code": 200,
              "name": "Response_200",
              "id": "90534c6a-438f-4476-94c8-6090aacc1356"
            }
          ]
        },
        {
          "id": "f4b75859-6227-4ec9-812b-28989359b1e9",
          "name": "GetCaseCategoryTypes",
          "request": {
            "url": {
              "protocol": "https",
              "host": "apis.cert.worldpay.com",
              "path": [
                "merchant-servicing",
                "casemanagement",
                "v1",
                "lookup/categories/casetypes"
              ],
              "query": [
                {
                  "key": "category",
                  "value": "Account%20Management",
                  "description": "Case category. High level grouping of case types.",
                  "disabled": false
                }
              ]
            },
            "auth": {
              "type": "apikey",
              "apikey": {
                "key": "Authorization",
                "value": "Authorization95",
                "in": "header"
              }
            },
            "method": "GET",
            "header": [
              {
                "key": "v-correlation-id",
                "value": "24578e35-9bd2-238f-b4c2-0bc9ad9aed2b",
                "description": "Correlation Id",
                "disabled": false
              },
              {
                "key": "Accept",
                "value": "application/json",
                "disabled": false
              }
            ],
            "body": {
              "mode": "raw",
              "disabled": false
            },
            "description": "Retrieve list of case types for specific case category with WolrdPay"
          },
          "response": [
            {
              "header": [
                {
                  "key": "Content-Type",
                  "value": "application/json",
                  "disabled": false
                }
              ],
              "body": "{\"category\":\"Account Management\",\"caseTypes\":[\"Add Location\",\"Authorized User Maintenance\",\"Close Account\",\"Dealer/Partner/RM Change\"]}",
              "status": "Ok",
              "code": 200,
              "name": "Response_200",
              "id": "37ab4b53-c3c6-4a8c-8d33-2245951bc092"
            }
          ]
        },
        {
          "id": "e22265b3-3cf8-41e2-ae75-fcd59202b4cb",
          "name": "GetCaseReasons",
          "request": {
            "url": {
              "protocol": "https",
              "host": "apis.cert.worldpay.com",
              "path": [
                "merchant-servicing",
                "casemanagement",
                "v1",
                "lookup/reasons"
              ]
            },
            "method": "GET",
            "header": [
              {
                "key": "v-correlation-id",
                "value": "24578e35-9bd2-238f-b4c2-0bc9ad9aed2b",
                "description": "Correlation Id",
                "disabled": false
              },
              {
                "key": "Accept",
                "value": "application/json",
                "disabled": false
              }
            ],
            "body": {
              "mode": "raw",
              "disabled": false
            },
            "description": "Retrieve list of all case reasons from WolrdPay."
          },
          "response": [
            {
              "header": [
                {
                  "key": "Content-Type",
                  "value": "application/json",
                  "disabled": false
                }
              ],
              "body": "{\"reasons\":[\"Escalation\",\"Repeat Call\",\"Service Activity\",\"Status Update\"]}",
              "status": "Ok",
              "code": 200,
              "name": "Response_200",
              "id": "0bb1f971-15d3-4600-82e0-22206ddf29fb"
            }
          ]
        }
      ]
    }
  ],
  "variable": []
}